Short_Name_Stocks,Ticker_Stocks_Yf,Ticker_Stocks,Secteur_Activite,Pays_Stocks,Place_Boursiere,Capitalisation_Boursiere,Nom_Indice,Ticker_Indice_Yf,Nombres_Entreprises,Ponderation
NVIDIA Corporation,NVDA,NVDA,Technology,United States,NMS,3444016939008,S&P 500,^GSPC,503,6.18
Microsoft Corporation,MSFT,MSFT,Technology,United States,NMS,3441043177472,S&P 500,^GSPC,503,6.18
Apple Inc.,AAPL,AAPL,Technology,United States,NMS,3036000026624,S&P 500,^GSPC,503,5.45
"Amazon.com, Inc.",AMZN,AMZN,Consumer Cyclical,United States,NMS,2183899643904,S&P 500,^GSPC,503,3.92
Alphabet Inc.,GOOGL,GOOGL,Communication Services,United States,NMS,2024903147520,S&P 500,^GSPC,503,3.63
Alphabet Inc.,GOOG,GOOG,Communication Services,United States,NMS,2024896987136,S&P 500,^GSPC,503,3.63
"Meta Platforms, Inc.",META,META,Communication Services,United States,NMS,1676681019392,S&P 500,^GSPC,503,3.01
Broadcom Inc.,AVGO,AVGO,Technology,United States,NMS,1207695835136,S&P 500,^GSPC,503,2.17
"Tesla, Inc.",TSLA,TSLA,Consumer Cyclical,United States,NMS,1108879867904,S&P 500,^GSPC,503,1.99
Berkshire Hathaway Inc. New,BRK-B,BRK-B,Financial Services,United States,NYQ,1073689919488,S&P 500,^GSPC,503,1.93
Walmart Inc.,WMT,WMT,Consumer Defensive,United States,NYQ,799929008128,S&P 500,^GSPC,503,1.44
JP Morgan Chase & Co.,JPM,JPM,Financial Services,United States,NYQ,739988275200,S&P 500,^GSPC,503,1.33
Eli Lilly and Company,LLY,LLY,Healthcare,United States,NYQ,674002239488,S&P 500,^GSPC,503,1.21
Visa Inc.,V,V,Financial Services,United States,NYQ,700867018752,S&P 500,^GSPC,503,1.26
Mastercard Incorporated,MA,MA,Financial Services,United States,NYQ,528476438528,S&P 500,^GSPC,503,0.95
"Netflix, Inc.",NFLX,NFLX,Communication Services,United States,NMS,518319931392,S&P 500,^GSPC,503,0.93
Oracle Corporation,ORCL,ORCL,Technology,United States,NYQ,474307428352,S&P 500,^GSPC,503,0.85
Costco Wholesale Corporation,COST,COST,Consumer Defensive,United States,NMS,468174209024,S&P 500,^GSPC,503,0.84
Exxon Mobil Corporation,XOM,XOM,Energy,United States,NYQ,447340675072,S&P 500,^GSPC,503,0.8
Procter & Gamble Company (The),PG,PG,Consumer Defensive,United States,NYQ,391186481152,S&P 500,^GSPC,503,0.7
Johnson & Johnson,JNJ,JNJ,Healthcare,United States,NYQ,371545341952,S&P 500,^GSPC,503,0.67
"Home Depot, Inc. (The)",HD,HD,Consumer Cyclical,United States,NYQ,371187712000,S&P 500,^GSPC,503,0.67
Bank of America Corporation,BAC,BAC,Financial Services,United States,NYQ,336298442752,S&P 500,^GSPC,503,0.6
AbbVie Inc.,ABBV,ABBV,Healthcare,United States,NYQ,330758389760,S&P 500,^GSPC,503,0.59
Palantir Technologies Inc.,PLTR,PLTR,Technology,United States,NMS,314269204480,S&P 500,^GSPC,503,0.56
Coca-Cola Company (The),KO,KO,Consumer Defensive,United States,NYQ,306291867648,S&P 500,^GSPC,503,0.55
Philip Morris International Inc,PM,PM,Consumer Defensive,United States,NYQ,283862532096,S&P 500,^GSPC,503,0.51
"T-Mobile US, Inc.",TMUS,TMUS,Communication Services,United States,NMS,276913553408,S&P 500,^GSPC,503,0.5
UnitedHealth Group Incorporated,UNH,UNH,Healthcare,United States,NYQ,273248698368,S&P 500,^GSPC,503,0.49
GE Aerospace,GE,GE,Industrials,United States,NYQ,265392472064,S&P 500,^GSPC,503,0.48
"Cisco Systems, Inc.",CSCO,CSCO,Technology,United States,NMS,254865604608,S&P 500,^GSPC,503,0.46
"Salesforce, Inc.",CRM,CRM,Technology,United States,NYQ,252833316864,S&P 500,^GSPC,503,0.45
International Business Machines,IBM,IBM,Technology,United States,NYQ,246476095488,S&P 500,^GSPC,503,0.44
Wells Fargo & Company,WFC,WFC,Financial Services,United States,NYQ,246178725888,S&P 500,^GSPC,503,0.44
Chevron Corporation,CVX,CVX,Energy,United States,NYQ,241732698112,S&P 500,^GSPC,503,0.43
Abbott Laboratories,ABT,ABT,Healthcare,United States,NYQ,232634023936,S&P 500,^GSPC,503,0.42
McDonald's Corporation,MCD,MCD,Consumer Cyclical,United States,NYQ,223369183232,S&P 500,^GSPC,503,0.4
Linde plc,LIN,LIN,Basic Materials,United Kingdom,NMS,222096998400,S&P 500,^GSPC,503,0.4
Intuit Inc.,INTU,INTU,Technology,United States,NMS,213299609600,S&P 500,^GSPC,503,0.38
"ServiceNow, Inc.",NOW,NOW,Technology,United States,NYQ,209405820928,S&P 500,^GSPC,503,0.38
American Express Company,AXP,AXP,Financial Services,United States,NYQ,208348168192,S&P 500,^GSPC,503,0.37
Morgan Stanley,MS,MS,Financial Services,United States,NYQ,206443888640,S&P 500,^GSPC,503,0.37
Walt Disney Company (The),DIS,DIS,Communication Services,United States,NYQ,204224397312,S&P 500,^GSPC,503,0.37
AT&T Inc.,T,T,Communication Services,United States,NYQ,201332686848,S&P 500,^GSPC,503,0.36
"Intuitive Surgical, Inc.",ISRG,ISRG,Healthcare,United States,NMS,197792956416,S&P 500,^GSPC,503,0.36
Accenture plc,ACN,ACN,Technology,Ireland,NYQ,195883532288,S&P 500,^GSPC,503,0.35
"Merck & Company, Inc.",MRK,MRK,Healthcare,United States,NYQ,193700855808,S&P 500,^GSPC,503,0.35
"Advanced Micro Devices, Inc.",AMD,AMD,Technology,United States,NMS,190206443520,S&P 500,^GSPC,503,0.34
"Goldman Sachs Group, Inc. (The)",GS,GS,Financial Services,United States,NYQ,185279807488,S&P 500,^GSPC,503,0.33
Verizon Communications Inc.,VZ,VZ,Communication Services,United States,NYQ,184798248960,S&P 500,^GSPC,503,0.33
RTX Corporation,RTX,RTX,Industrials,United States,NYQ,183693115392,S&P 500,^GSPC,503,0.33
"Pepsico, Inc.",PEP,PEP,Consumer Defensive,United States,NMS,180776894464,S&P 500,^GSPC,503,0.32
Booking Holdings Inc. Common St,BKNG,BKNG,Consumer Cyclical,United States,NMS,178160418816,S&P 500,^GSPC,503,0.32
Adobe Inc.,ADBE,ADBE,Technology,United States,NMS,175803236352,S&P 500,^GSPC,503,0.32
"Uber Technologies, Inc.",UBER,UBER,Technology,United States,NYQ,172584255488,S&P 500,^GSPC,503,0.31
Texas Instruments Incorporated,TXN,TXN,Technology,United States,NMS,170865410048,S&P 500,^GSPC,503,0.31
Blackstone Inc.,BX,BX,Financial Services,United States,NYQ,168651096064,S&P 500,^GSPC,503,0.3
Progressive Corporation (The),PGR,PGR,Financial Services,United States,NYQ,168392851456,S&P 500,^GSPC,503,0.3
"Caterpillar, Inc.",CAT,CAT,Industrials,United States,NYQ,164328062976,S&P 500,^GSPC,503,0.29
QUALCOMM Incorporated,QCOM,QCOM,Technology,United States,NMS,163536125952,S&P 500,^GSPC,503,0.29
Boeing Company (The),BA,BA,Industrials,United States,NYQ,160927498240,S&P 500,^GSPC,503,0.29
Charles Schwab Corporation (The,SCHW,SCHW,Financial Services,United States,NYQ,159893356544,S&P 500,^GSPC,503,0.29
S&P Global Inc.,SPGI,SPGI,Financial Services,United States,NYQ,157113696256,S&P 500,^GSPC,503,0.28
Amgen Inc.,AMGN,AMGN,Healthcare,United States,NMS,155703525376,S&P 500,^GSPC,503,0.28
Boston Scientific Corporation,BSX,BSX,Healthcare,United States,NYQ,152531288064,S&P 500,^GSPC,503,0.27
"BlackRock, Inc.",BLK,BLK,Financial Services,United States,NYQ,152157470720,S&P 500,^GSPC,503,0.27
Thermo Fisher Scientific Inc,TMO,TMO,Healthcare,United States,NYQ,150971187200,S&P 500,^GSPC,503,0.27
"NextEra Energy, Inc.",NEE,NEE,Utilities,United States,NYQ,146059788288,S&P 500,^GSPC,503,0.26
Honeywell International Inc.,HON,HON,Industrials,United States,NMS,145871405056,S&P 500,^GSPC,503,0.26
Stryker Corporation,SYK,SYK,Healthcare,United States,NYQ,145608687616,S&P 500,^GSPC,503,0.26
"Citigroup, Inc.",C,C,Financial Services,United States,NYQ,142937374720,S&P 500,^GSPC,503,0.26
"TJX Companies, Inc. (The)",TJX,TJX,Consumer Cyclical,United States,NYQ,143044689920,S&P 500,^GSPC,503,0.26
Deere & Company,DE,DE,Industrials,United States,NYQ,138974887936,S&P 500,^GSPC,503,0.25
Danaher Corporation,DHR,DHR,Healthcare,United States,NYQ,137451585536,S&P 500,^GSPC,503,0.25
"Gilead Sciences, Inc.",GILD,GILD,Healthcare,United States,NMS,135998865408,S&P 500,^GSPC,503,0.24
GE Vernova Inc.,GEV,GEV,Industrials,United States,NYQ,134548774912,S&P 500,^GSPC,503,0.24
"Pfizer, Inc.",PFE,PFE,Healthcare,United States,NYQ,132753391616,S&P 500,^GSPC,503,0.24
"Automatic Data Processing, Inc.",ADP,ADP,Technology,United States,NMS,132546035712,S&P 500,^GSPC,503,0.24
Union Pacific Corporation,UNP,UNP,Industrials,United States,NYQ,132508221440,S&P 500,^GSPC,503,0.24
"Palo Alto Networks, Inc.",PANW,PANW,Technology,United States,NMS,131439616000,S&P 500,^GSPC,503,0.24
"Applied Materials, Inc.",AMAT,AMAT,Technology,United States,NMS,129796030464,S&P 500,^GSPC,503,0.23
Comcast Corporation,CMCSA,CMCSA,Communication Services,United States,NMS,129410048000,S&P 500,^GSPC,503,0.23
"Lowe's Companies, Inc.",LOW,LOW,Consumer Cyclical,United States,NYQ,128228220928,S&P 500,^GSPC,503,0.23
"Eaton Corporation, PLC",ETN,ETN,Industrials,Ireland,NYQ,127501189120,S&P 500,^GSPC,503,0.23
Capital One Financial Corporati,COF,COF,Financial Services,United States,NYQ,125230194688,S&P 500,^GSPC,503,0.22
"CrowdStrike Holdings, Inc.",CRWD,CRWD,Technology,United States,NMS,121737412608,S&P 500,^GSPC,503,0.22
Chubb Limited,CB,CB,Financial Services,Switzerland,NYQ,118785712128,S&P 500,^GSPC,503,0.21
"Arista Networks, Inc.",ANET,ANET,Technology,United States,NYQ,118684442624,S&P 500,^GSPC,503,0.21
"Marsh & McLennan Companies, Inc",MMC,MMC,Financial Services,United States,NYQ,115722100736,S&P 500,^GSPC,503,0.21
Vertex Pharmaceuticals Incorpor,VRTX,VRTX,Healthcare,United States,NMS,114654724096,S&P 500,^GSPC,503,0.21
"Micron Technology, Inc.",MU,MU,Technology,United States,NMS,114271535104,S&P 500,^GSPC,503,0.21
Lockheed Martin Corporation,LMT,LMT,Industrials,United States,NYQ,112501915648,S&P 500,^GSPC,503,0.2
ConocoPhillips,COP,COP,Energy,United States,NYQ,110978465792,S&P 500,^GSPC,503,0.2
Amphenol Corporation,APH,APH,Technology,United States,NYQ,110896128000,S&P 500,^GSPC,503,0.2
Medtronic plc.,MDT,MDT,Healthcare,Ireland,NYQ,109656293376,S&P 500,^GSPC,503,0.2
"Analog Devices, Inc.",ADI,ADI,Technology,United States,NMS,108395446272,S&P 500,^GSPC,503,0.19
"Charter Communications, Inc.",CHTR,CHTR,Communication Services,United States,NMS,53982765056,S&P 500,^GSPC,503,0.1
KKR & Co. Inc.,KKR,KKR,Financial Services,United States,NYQ,111469305856,S&P 500,^GSPC,503,0.2
Lam Research Corporation,LRCX,LRCX,Technology,United States,NMS,107011186688,S&P 500,^GSPC,503,0.19
"Prologis, Inc.",PLD,PLD,Real Estate,United States,NYQ,101162491904,S&P 500,^GSPC,503,0.18
Intercontinental Exchange Inc.,ICE,ICE,Financial Services,United States,NYQ,102874079232,S&P 500,^GSPC,503,0.18
KLA Corporation,KLAC,KLAC,Technology,United States,NMS,102591242240,S&P 500,^GSPC,503,0.18
CME Group Inc.,CME,CME,Financial Services,United States,NMS,101732950016,S&P 500,^GSPC,503,0.18
"Altria Group, Inc.",MO,MO,Consumer Defensive,United States,NYQ,101690245120,S&P 500,^GSPC,503,0.18
American Tower Corporation (REI,AMT,AMT,Real Estate,United States,NYQ,99895967744,S&P 500,^GSPC,503,0.18
Welltower Inc.,WELL,WELL,Real Estate,United States,NYQ,99531489280,S&P 500,^GSPC,503,0.18
Southern Company (The),SO,SO,Utilities,United States,NYQ,98566012928,S&P 500,^GSPC,503,0.18
Starbucks Corporation,SBUX,SBUX,Consumer Cyclical,United States,NMS,98412240896,S&P 500,^GSPC,503,0.18
Constellation Energy Corporatio,CEG,CEG,Utilities,United States,NMS,98108923904,S&P 500,^GSPC,503,0.18
Bristol-Myers Squibb Company,BMY,BMY,Healthcare,United States,NYQ,97866997760,S&P 500,^GSPC,503,0.18
"Waste Management, Inc.",WM,WM,Industrials,United States,NYQ,96654376960,S&P 500,^GSPC,503,0.17
Trane Technologies plc,TT,TT,Industrials,Ireland,NYQ,96511041536,S&P 500,^GSPC,503,0.17
"HCA Healthcare, Inc.",HCA,HCA,Healthcare,United States,NYQ,92154273792,S&P 500,^GSPC,503,0.17
"Nike, Inc.",NKE,NKE,Consumer Cyclical,United States,NYQ,92057493504,S&P 500,^GSPC,503,0.17
Cintas Corporation,CTAS,CTAS,Industrials,United States,NMS,91893850112,S&P 500,^GSPC,503,0.16
Duke Energy Corporation (Holdin,DUK,DUK,Utilities,United States,NYQ,90729218048,S&P 500,^GSPC,503,0.16
"DoorDash, Inc.",DASH,DASH,Consumer Cyclical,United States,NMS,90554089472,S&P 500,^GSPC,503,0.16
"Fiserv, Inc.",FI,FI,Technology,United States,NYQ,89879289856,S&P 500,^GSPC,503,0.16
Sherwin-Williams Company (The),SHW,SHW,Basic Materials,United States,NYQ,89655009280,S&P 500,^GSPC,503,0.16
McKesson Corporation,MCK,MCK,Healthcare,United States,NYQ,89359998976,S&P 500,^GSPC,503,0.16
Intel Corporation,INTC,INTC,Technology,United States,NMS,88504983552,S&P 500,^GSPC,503,0.16
Arthur J. Gallagher & Co.,AJG,AJG,Financial Services,United States,NYQ,88402296832,S&P 500,^GSPC,503,0.16
"Equinix, Inc.",EQIX,EQIX,Real Estate,United States,NMS,87532355584,S&P 500,^GSPC,503,0.16
"Mondelez International, Inc.",MDLZ,MDLZ,Consumer Defensive,United States,NMS,86804733952,S&P 500,^GSPC,503,0.16
Moody's Corporation,MCO,MCO,Financial Services,United States,NYQ,86742712320,S&P 500,^GSPC,503,0.16
"Ventas, Inc.",VTR,VTR,Real Estate,United States,NYQ,28544598016,S&P 500,^GSPC,503,0.05
"Elevance Health, Inc.",ELV,ELV,Healthcare,United States,NYQ,85620326400,S&P 500,^GSPC,503,0.15
Parker-Hannifin Corporation,PH,PH,Industrials,United States,NYQ,84935319552,S&P 500,^GSPC,503,0.15
The Cigna Group,CI,CI,Healthcare,United States,NYQ,83260465152,S&P 500,^GSPC,503,0.15
"Airbnb, Inc.",ABNB,ABNB,Consumer Cyclical,United States,NMS,82027601920,S&P 500,^GSPC,503,0.15
"United Parcel Service, Inc.",UPS,UPS,Industrials,United States,NYQ,83053953024,S&P 500,^GSPC,503,0.15
Transdigm Group Incorporated,TDG,TDG,Industrials,United States,NYQ,81776484352,S&P 500,^GSPC,503,0.15
Aon plc,AON,AON,Financial Services,Ireland,NYQ,80865214464,S&P 500,^GSPC,503,0.15
CVS Health Corporation,CVS,CVS,Healthcare,United States,NYQ,80442621952,S&P 500,^GSPC,503,0.14
"Republic Services, Inc.",RSG,RSG,Industrials,United States,NYQ,80142974976,S&P 500,^GSPC,503,0.14
"Cadence Design Systems, Inc.",CDNS,CDNS,Technology,United States,NMS,80091398144,S&P 500,^GSPC,503,0.14
3M Company,MMM,MMM,Industrials,United States,NYQ,79720751104,S&P 500,^GSPC,503,0.14
"Fortinet, Inc.",FTNT,FTNT,Technology,United States,NMS,78745993216,S&P 500,^GSPC,503,0.14
"O'Reilly Automotive, Inc.",ORLY,ORLY,Consumer Cyclical,United States,NMS,78193582080,S&P 500,^GSPC,503,0.14
Dell Technologies Inc.,DELL,DELL,Technology,United States,NYQ,76481191936,S&P 500,^GSPC,503,0.14
Zoetis Inc.,ZTS,ZTS,Healthcare,United States,NYQ,75818926080,S&P 500,^GSPC,503,0.14
Ecolab Inc.,ECL,ECL,Basic Materials,United States,NYQ,75250024448,S&P 500,^GSPC,503,0.14
"Apollo Global Management, Inc. ",APO,APO,Financial Services,United States,NYQ,74922868736,S&P 500,^GSPC,503,0.13
"Williams Companies, Inc. (The)",WMB,WMB,Energy,United States,NYQ,74615922688,S&P 500,^GSPC,503,0.13
General Dynamics Corporation,GD,GD,Industrials,United States,NYQ,74088030208,S&P 500,^GSPC,503,0.13
Colgate-Palmolive Company,CL,CL,Consumer Defensive,United States,NYQ,73440256000,S&P 500,^GSPC,503,0.13
Royal Caribbean Cruises Ltd.,RCL,RCL,Consumer Cyclical,United States,NYQ,72441348096,S&P 500,^GSPC,503,0.13
Marriott International,MAR,MAR,Consumer Cyclical,United States,NMS,72418099200,S&P 500,^GSPC,503,0.13
"Synopsys, Inc.",SNPS,SNPS,Technology,United States,NMS,72345362432,S&P 500,^GSPC,503,0.13
Illinois Tool Works Inc.,ITW,ITW,Industrials,United States,NYQ,71950950400,S&P 500,^GSPC,503,0.13
"Motorola Solutions, Inc.",MSI,MSI,Technology,United States,NYQ,70473605120,S&P 500,^GSPC,503,0.13
Northrop Grumman Corporation,NOC,NOC,Industrials,United States,NYQ,70268526592,S&P 500,^GSPC,503,0.13
"PNC Financial Services Group, I",PNC,PNC,Financial Services,United States,NYQ,69742419968,S&P 500,^GSPC,503,0.13
Howmet Aerospace Inc.,HWM,HWM,Industrials,United States,NYQ,69678170112,S&P 500,^GSPC,503,0.13
"PayPal Holdings, Inc.",PYPL,PYPL,Financial Services,United States,NMS,69370781696,S&P 500,^GSPC,503,0.12
U.S. Bancorp,USB,USB,Financial Services,United States,NYQ,69145370624,S&P 500,^GSPC,503,0.12
Emerson Electric Company,EMR,EMR,Industrials,United States,NYQ,67719372800,S&P 500,^GSPC,503,0.12
"Chipotle Mexican Grill, Inc.",CMG,CMG,Consumer Cyclical,United States,NYQ,67462316032,S&P 500,^GSPC,503,0.12
"Workday, Inc.",WDAY,WDAY,Technology,United States,NMS,66947588096,S&P 500,^GSPC,503,0.12
Johnson Controls International ,JCI,JCI,Industrials,Ireland,NYQ,66581192704,S&P 500,^GSPC,503,0.12
"Coinbase Global, Inc.",COIN,COIN,Financial Services,United States,NMS,65945669632,S&P 500,^GSPC,503,0.12
"Autodesk, Inc.",ADSK,ADSK,Technology,United States,NMS,64080801792,S&P 500,^GSPC,503,0.12
The Bank of New York Mellon Cor,BK,BK,Financial Services,United States,NYQ,63902564352,S&P 500,^GSPC,503,0.11
"Kinder Morgan, Inc.",KMI,KMI,Energy,United States,NYQ,63482306560,S&P 500,^GSPC,503,0.11
"Air Products and Chemicals, Inc",APD,APD,Basic Materials,United States,NYQ,63044493312,S&P 500,^GSPC,503,0.11
"AutoZone, Inc.",AZO,AZO,Consumer Cyclical,United States,NYQ,62681550848,S&P 500,^GSPC,503,0.11
"The Travelers Companies, Inc.",TRV,TRV,Financial Services,United States,NYQ,62548901888,S&P 500,^GSPC,503,0.11
Monster Beverage Corporation,MNST,MNST,Consumer Defensive,United States,NMS,62405992448,S&P 500,^GSPC,503,0.11
Newmont Corporation,NEM,NEM,Basic Materials,United States,NYQ,61593415680,S&P 500,^GSPC,503,0.11
"EOG Resources, Inc.",EOG,EOG,Energy,United States,NYQ,61575688192,S&P 500,^GSPC,503,0.11
"Roper Technologies, Inc.",ROP,ROP,Technology,United States,NMS,61054541824,S&P 500,^GSPC,503,0.11
Carrier Global Corporation,CARR,CARR,Industrials,United States,NYQ,60697550848,S&P 500,^GSPC,503,0.11
CSX Corporation,CSX,CSX,Industrials,United States,NMS,59850604544,S&P 500,^GSPC,503,0.11
Vistra Corp.,VST,VST,Utilities,United States,NYQ,59722432512,S&P 500,^GSPC,503,0.11
Hilton Worldwide Holdings Inc.,HLT,HLT,Consumer Cyclical,United States,NYQ,59686469632,S&P 500,^GSPC,503,0.11
"Axon Enterprise, Inc.",AXON,AXON,Industrials,United States,NMS,59094208512,S&P 500,^GSPC,503,0.11
"Digital Realty Trust, Inc.",DLR,DLR,Real Estate,United States,NYQ,59617316864,S&P 500,^GSPC,503,0.11
"Freeport-McMoRan, Inc.",FCX,FCX,Basic Materials,United States,NYQ,57792688128,S&P 500,^GSPC,503,0.1
"Paychex, Inc.",PAYX,PAYX,Technology,United States,NMS,57000226816,S&P 500,^GSPC,503,0.1
"Cencora, Inc.",COR,COR,Healthcare,United States,NYQ,56509095936,S&P 500,^GSPC,503,0.1
AFLAC Incorporated,AFL,AFL,Financial Services,United States,NYQ,56264925184,S&P 500,^GSPC,503,0.1
Allstate Corporation (The),ALL,ALL,Financial Services,United States,NYQ,55945449472,S&P 500,^GSPC,503,0.1
Norfolk Southern Corporation,NSC,NSC,Industrials,United States,NYQ,55905603584,S&P 500,^GSPC,503,0.1
American Electric Power Company,AEP,AEP,Utilities,United States,NMS,54931271680,S&P 500,^GSPC,503,0.1
"MetLife, Inc.",MET,MET,Financial Services,United States,NYQ,53247356928,S&P 500,^GSPC,503,0.1
Public Storage,PSA,PSA,Real Estate,United States,NYQ,53209976832,S&P 500,^GSPC,503,0.1
"Quanta Services, Inc.",PWR,PWR,Industrials,United States,NYQ,52831461376,S&P 500,^GSPC,503,0.09
"Simon Property Group, Inc.",SPG,SPG,Real Estate,United States,NYQ,61013549056,S&P 500,^GSPC,503,0.11
"Regeneron Pharmaceuticals, Inc.",REGN,REGN,Healthcare,United States,NMS,52671803392,S&P 500,^GSPC,503,0.09
FedEx Corporation,FDX,FDX,Industrials,United States,NYQ,52659068928,S&P 500,^GSPC,503,0.09
"W.W. Grainger, Inc.",GWW,GWW,Industrials,United States,NYQ,52268572672,S&P 500,^GSPC,503,0.09
"ONEOK, Inc.",OKE,OKE,Energy,United States,NYQ,51994365952,S&P 500,^GSPC,503,0.09
Truist Financial Corporation,TFC,TFC,Financial Services,United States,NYQ,51883970560,S&P 500,^GSPC,503,0.09
DBA Sempra,SRE,SRE,Utilities,United States,NYQ,50732302336,S&P 500,^GSPC,503,0.09
Realty Income Corporation,O,O,Real Estate,United States,NYQ,50581508096,S&P 500,^GSPC,503,0.09
NXP Semiconductors N.V.,NXPI,NXPI,Technology,Netherlands,NMS,50263064576,S&P 500,^GSPC,503,0.09
Marathon Petroleum Corporation,MPC,MPC,Energy,United States,NYQ,49759453184,S&P 500,^GSPC,503,0.09
"American International Group, I",AIG,AIG,Financial Services,United States,NYQ,49305030656,S&P 500,^GSPC,503,0.09
"Copart, Inc.",CPRT,CPRT,Industrials,United States,NMS,49280401408,S&P 500,^GSPC,503,0.09
PACCAR Inc.,PCAR,PCAR,Industrials,United States,NMS,49115164672,S&P 500,^GSPC,503,0.09
"Becton, Dickinson and Company",BDX,BDX,Healthcare,United States,NYQ,48912351232,S&P 500,^GSPC,503,0.09
"Ameriprise Financial, Inc.",AMP,AMP,Financial Services,United States,NYQ,48872099840,S&P 500,^GSPC,503,0.09
"Corteva, Inc.",CTVA,CTVA,Basic Materials,United States,NYQ,48563683328,S&P 500,^GSPC,503,0.09
"Dominion Energy, Inc.",D,D,Utilities,United States,NYQ,48344719360,S&P 500,^GSPC,503,0.09
"Nasdaq, Inc.",NDAQ,NDAQ,Financial Services,United States,NMS,48117161984,S&P 500,^GSPC,503,0.09
TE Connectivity plc,TEL,TEL,Technology,Ireland,NYQ,48019853312,S&P 500,^GSPC,503,0.09
"Ross Stores, Inc.",ROST,ROST,Consumer Cyclical,United States,NMS,47361957888,S&P 500,^GSPC,503,0.09
Fastenal Company,FAST,FAST,Industrials,United States,NMS,47254810624,S&P 500,^GSPC,503,0.08
Phillips 66,PSX,PSX,Energy,United States,NYQ,47250468864,S&P 500,^GSPC,503,0.08
General Motors Company,GM,GM,Consumer Cyclical,United States,NYQ,47168004096,S&P 500,^GSPC,503,0.08
Schlumberger N.V.,SLB,SLB,Energy,United States,NYQ,46081245184,S&P 500,^GSPC,503,0.08
Kimberly-Clark Corporation,KMB,KMB,Consumer Defensive,United States,NMS,46288330752,S&P 500,^GSPC,503,0.08
"United Rentals, Inc.",URI,URI,Industrials,United States,NYQ,45687148544,S&P 500,^GSPC,503,0.08
Edwards Lifesciences Corporatio,EW,EW,Healthcare,United States,NYQ,45590552576,S&P 500,^GSPC,503,0.08
"L3Harris Technologies, Inc.",LHX,LHX,Industrials,United States,NYQ,45463396352,S&P 500,^GSPC,503,0.08
Cummins Inc.,CMI,CMI,Industrials,United States,NYQ,44697366528,S&P 500,^GSPC,503,0.08
Kroger Company (The),KR,KR,Consumer Defensive,United States,NYQ,44665421824,S&P 500,^GSPC,503,0.08
Keurig Dr Pepper Inc.,KDP,KDP,Consumer Defensive,United States,NMS,44575793152,S&P 500,^GSPC,503,0.08
"Verisk Analytics, Inc.",VRSK,VRSK,Industrials,United States,NMS,44414570496,S&P 500,^GSPC,503,0.08
Exelon Corporation,EXC,EXC,Utilities,United States,NMS,43874607104,S&P 500,^GSPC,503,0.08
MSCI Inc.,MSCI,MSCI,Financial Services,United States,NYQ,43823992832,S&P 500,^GSPC,503,0.08
Target Corporation,TGT,TGT,Consumer Defensive,United States,NYQ,43519176704,S&P 500,^GSPC,503,0.08
Corning Incorporated,GLW,GLW,Technology,United States,NYQ,43491594240,S&P 500,^GSPC,503,0.08
Crown Castle Inc.,CCI,CCI,Real Estate,United States,NYQ,43484938240,S&P 500,^GSPC,503,0.08
Kenvue Inc.,KVUE,KVUE,Consumer Defensive,United States,NYQ,42641199104,S&P 500,^GSPC,503,0.08
Fair Isaac Corporation,FICO,FICO,Technology,United States,NYQ,42392289280,S&P 500,^GSPC,503,0.08
"IDEXX Laboratories, Inc.",IDXX,IDXX,Healthcare,United States,NMS,42288250880,S&P 500,^GSPC,503,0.08
Fidelity National Information S,FIS,FIS,Technology,United States,NYQ,42105155584,S&P 500,^GSPC,503,0.08
Hess Corporation,HES,HES,Energy,United States,NYQ,42048487424,S&P 500,^GSPC,503,0.08
Occidental Petroleum Corporatio,OXY,OXY,Energy,United States,NYQ,42012635136,S&P 500,^GSPC,503,0.08
lululemon athletica inc.,LULU,LULU,Consumer Cyclical,Canada,NMS,40241446912,S&P 500,^GSPC,503,0.07
"Diamondback Energy, Inc.",FANG,FANG,Energy,United States,NMS,41569660928,S&P 500,^GSPC,503,0.07
Public Service Enterprise Group,PEG,PEG,Utilities,United States,NYQ,41072525312,S&P 500,^GSPC,503,0.07
"AMETEK, Inc.",AME,AME,Industrials,United States,NYQ,41029509120,S&P 500,^GSPC,503,0.07
Valero Energy Corporation,VLO,VLO,Energy,United States,NYQ,41014325248,S&P 500,^GSPC,503,0.07
"Take-Two Interactive Software, ",TTWO,TTWO,Communication Services,United States,NMS,41999998976,S&P 500,^GSPC,503,0.08
Ford Motor Company,F,F,Consumer Cyclical,United States,NYQ,40521039872,S&P 500,^GSPC,503,0.07
"Yum! Brands, Inc.",YUM,YUM,Consumer Cyclical,United States,NYQ,40018620416,S&P 500,^GSPC,503,0.07
Xcel Energy Inc.,XEL,XEL,Utilities,United States,NMS,39986843648,S&P 500,^GSPC,503,0.07
Cognizant Technology Solutions ,CTSH,CTSH,Technology,United States,NMS,39593103360,S&P 500,^GSPC,503,0.07
Garmin Ltd.,GRMN,GRMN,Technology,Switzerland,NYQ,39374630912,S&P 500,^GSPC,503,0.07
Otis Worldwide Corporation,OTIS,OTIS,Industrials,United States,NYQ,37450899456,S&P 500,^GSPC,503,0.07
CBRE Group Inc,CBRE,CBRE,Real Estate,United States,NYQ,37245239296,S&P 500,^GSPC,503,0.07
"Consolidated Edison, Inc.",ED,ED,Utilities,United States,NYQ,37196959744,S&P 500,^GSPC,503,0.07
Baker Hughes Company,BKR,BKR,Energy,United States,NMS,37192757248,S&P 500,^GSPC,503,0.07
"Cardinal Health, Inc.",CAH,CAH,Healthcare,United States,NYQ,37109497856,S&P 500,^GSPC,503,0.07
"Prudential Financial, Inc.",PRU,PRU,Financial Services,United States,NYQ,36965412864,S&P 500,^GSPC,503,0.07
"The Hartford Insurance Group, I",HIG,HIG,Financial Services,United States,NYQ,36930551808,S&P 500,^GSPC,503,0.07
Electronic Arts Inc.,EA,EA,Communication Services,United States,NMS,36672020480,S&P 500,^GSPC,503,0.07
"D.R. Horton, Inc.",DHI,DHI,Consumer Cyclical,United States,NYQ,36354871296,S&P 500,^GSPC,503,0.07
Pacific Gas & Electric Co.,PCG,PCG,Utilities,United States,NYQ,36349632512,S&P 500,^GSPC,503,0.07
ResMed Inc.,RMD,RMD,Healthcare,United States,NYQ,36224204800,S&P 500,^GSPC,503,0.07
Arch Capital Group Ltd.,ACGL,ACGL,Financial Services,Bermuda,NMS,35909025792,S&P 500,^GSPC,503,0.06
"Targa Resources, Inc.",TRGP,TRGP,Energy,United States,NYQ,35778592768,S&P 500,^GSPC,503,0.06
Entergy Corporation,ETR,ETR,Utilities,United States,NYQ,37014560768,S&P 500,^GSPC,503,0.07
Sysco Corporation,SYY,SYY,Consumer Defensive,United States,NYQ,35692290048,S&P 500,^GSPC,503,0.06
"Rockwell Automation, Inc.",ROK,ROK,Industrials,United States,NYQ,35688140800,S&P 500,^GSPC,503,0.06
eBay Inc.,EBAY,EBAY,Consumer Cyclical,United States,NMS,35001102336,S&P 500,^GSPC,503,0.06
Vulcan Materials Company (Holdi,VMC,VMC,Basic Materials,United States,NYQ,34999635968,S&P 500,^GSPC,503,0.06
Westinghouse Air Brake Technolo,WAB,WAB,Industrials,United States,NYQ,34837831680,S&P 500,^GSPC,503,0.06
"Old Dominion Freight Line, Inc.",ODFL,ODFL,Industrials,United States,NMS,34452312064,S&P 500,^GSPC,503,0.06
Microchip Technology Incorporat,MCHP,MCHP,Technology,United States,NMS,34435231744,S&P 500,^GSPC,503,0.06
"WEC Energy Group, Inc.",WEC,WEC,Utilities,United States,NYQ,34265419776,S&P 500,^GSPC,503,0.06
"DexCom, Inc.",DXCM,DXCM,Healthcare,United States,NMS,34030966784,S&P 500,^GSPC,503,0.06
EQT Corporation,EQT,EQT,Energy,United States,NYQ,33912162304,S&P 500,^GSPC,503,0.06
VICI Properties Inc.,VICI,VICI,Real Estate,United States,NYQ,33539975168,S&P 500,^GSPC,503,0.06
"Gartner, Inc.",IT,IT,Technology,United States,NYQ,33267402752,S&P 500,^GSPC,503,0.06
Ingersoll Rand Inc.,IR,IR,Industrials,United States,NYQ,33063792640,S&P 500,^GSPC,503,0.06
The Hershey Company,HSY,HSY,Consumer Defensive,United States,NYQ,33040660480,S&P 500,^GSPC,503,0.06
"Martin Marietta Materials, Inc.",MLM,MLM,Basic Materials,United States,NYQ,32888096768,S&P 500,^GSPC,503,0.06
"Monolithic Power Systems, Inc.",MPWR,MPWR,Technology,United States,NMS,32834189312,S&P 500,^GSPC,503,0.06
"Equifax, Inc.",EFX,EFX,Industrials,United States,NYQ,32722710528,S&P 500,^GSPC,503,0.06
GE HealthCare Technologies Inc.,GEHC,GEHC,Healthcare,United States,NMS,32583098368,S&P 500,^GSPC,503,0.06
"TKO Group Holdings, Inc.",TKO,TKO,Communication Services,United States,NYQ,13333835776,S&P 500,^GSPC,503,0.02
"Brown & Brown, Inc.",BRO,BRO,Financial Services,United States,NYQ,32274313216,S&P 500,^GSPC,503,0.06
"Agilent Technologies, Inc.",A,A,Healthcare,United States,NYQ,32031168512,S&P 500,^GSPC,503,0.06
"CoStar Group, Inc.",CSGP,CSGP,Real Estate,United States,NMS,31932628992,S&P 500,^GSPC,503,0.06
"Delta Air Lines, Inc.",DAL,DAL,Industrials,United States,NYQ,31883698176,S&P 500,^GSPC,503,0.06
Extra Space Storage Inc,EXR,EXR,Real Estate,United States,NYQ,33219237888,S&P 500,^GSPC,503,0.06
The Kraft Heinz Company,KHC,KHC,Consumer Defensive,United States,NMS,31707037696,S&P 500,^GSPC,503,0.06
"Live Nation Entertainment, Inc.",LYV,LYV,Communication Services,United States,NYQ,31669325824,S&P 500,^GSPC,503,0.06
"NRG Energy, Inc.",NRG,NRG,Utilities,United States,NYQ,31484930048,S&P 500,^GSPC,503,0.06
"Constellation Brands, Inc.",STZ,STZ,Consumer Defensive,United States,NYQ,31455563776,S&P 500,^GSPC,503,0.06
Willis Towers Watson Public Lim,WTW,WTW,Financial Services,United Kingdom,NMS,31111223296,S&P 500,^GSPC,503,0.06
Carnival Corporation,CCL,CCL,Consumer Cyclical,United States,NYQ,32421801984,S&P 500,^GSPC,503,0.06
Xylem Inc.,XYL,XYL,Industrials,United States,NYQ,30942081024,S&P 500,^GSPC,503,0.06
Las Vegas Sands Corp.,LVS,LVS,Consumer Cyclical,United States,NYQ,29770237952,S&P 500,^GSPC,503,0.05
"General Mills, Inc.",GIS,GIS,Consumer Defensive,United States,NYQ,29740212224,S&P 500,^GSPC,503,0.05
Iron Mountain Incorporated (Del,IRM,IRM,Real Estate,United States,NYQ,29492598784,S&P 500,^GSPC,503,0.05
"Raymond James Financial, Inc.",RJF,RJF,Financial Services,United States,NYQ,29474387968,S&P 500,^GSPC,503,0.05
"ANSYS, Inc.",ANSS,ANSS,Technology,United States,NMS,29442222080,S&P 500,^GSPC,503,0.05
M&T Bank Corporation,MTB,MTB,Financial Services,United States,NYQ,29311825920,S&P 500,^GSPC,503,0.05
"AvalonBay Communities, Inc.",AVB,AVB,Real Estate,United States,NYQ,29037377536,S&P 500,^GSPC,503,0.05
"Broadridge Financial Solutions,",BR,BR,Technology,United States,NYQ,28662145024,S&P 500,^GSPC,503,0.05
Kellanova,K,K,Consumer Defensive,United States,NYQ,28396957696,S&P 500,^GSPC,503,0.05
W.R. Berkley Corporation,WRB,WRB,Financial Services,United States,NYQ,28360654848,S&P 500,^GSPC,503,0.05
"Rollins, Inc.",ROL,ROL,Consumer Cyclical,United States,NYQ,28274247680,S&P 500,^GSPC,503,0.05
Nucor Corporation,NUE,NUE,Basic Materials,United States,NYQ,28225462272,S&P 500,^GSPC,503,0.05
"DuPont de Nemours, Inc.",DD,DD,Basic Materials,United States,NYQ,28223574016,S&P 500,^GSPC,503,0.05
Humana Inc.,HUM,HUM,Healthcare,United States,NYQ,28172158976,S&P 500,^GSPC,503,0.05
Expand Energy Corporation,EXE,EXE,Energy,United States,NMS,28133877760,S&P 500,^GSPC,503,0.05
DTE Energy Company,DTE,DTE,Utilities,United States,NYQ,28130869248,S&P 500,^GSPC,503,0.05
Lennar Corporation,LEN,LEN,Consumer Cyclical,United States,NYQ,27986667520,S&P 500,^GSPC,503,0.05
Keysight Technologies Inc.,KEYS,KEYS,Technology,United States,NYQ,27832748032,S&P 500,^GSPC,503,0.05
State Street Corporation,STT,STT,Financial Services,United States,NYQ,27665508352,S&P 500,^GSPC,503,0.05
"American Water Works Company, I",AWK,AWK,Utilities,United States,NYQ,27664402432,S&P 500,^GSPC,503,0.05
Centene Corporation,CNC,CNC,Healthcare,United States,NYQ,27552278528,S&P 500,^GSPC,503,0.05
Ameren Corporation,AEE,AEE,Utilities,United States,NYQ,26384619520,S&P 500,^GSPC,503,0.05
"United Airlines Holdings, Inc.",UAL,UAL,Industrials,United States,NMS,26480809984,S&P 500,^GSPC,503,0.05
Equity Residential,EQR,EQR,Real Estate,United States,NYQ,26981791744,S&P 500,^GSPC,503,0.05
Seagate Technology Holdings PLC,STX,STX,Technology,Singapore,NMS,26151499776,S&P 500,^GSPC,503,0.05
Tractor Supply Company,TSCO,TSCO,Consumer Cyclical,United States,NMS,26006456320,S&P 500,^GSPC,503,0.05
Fifth Third Bancorp,FITB,FITB,Financial Services,United States,NMS,25958762496,S&P 500,^GSPC,503,0.05
GoDaddy Inc.,GDDY,GDDY,Technology,United States,NYQ,25894342656,S&P 500,^GSPC,503,0.05
"VeriSign, Inc.",VRSN,VRSN,Technology,United States,NMS,25893865472,S&P 500,^GSPC,503,0.05
Texas Pacific Land Corporation,TPL,TPL,Energy,United States,NYQ,25892204544,S&P 500,^GSPC,503,0.05
"Super Micro Computer, Inc.",SMCI,SMCI,Technology,United States,NMS,25776568320,S&P 500,^GSPC,503,0.05
PPL Corporation,PPL,PPL,Utilities,United States,NYQ,25504608256,S&P 500,^GSPC,503,0.05
"Darden Restaurants, Inc.",DRI,DRI,Consumer Cyclical,United States,NYQ,25419218944,S&P 500,^GSPC,503,0.05
"PPG Industries, Inc.",PPG,PPG,Basic Materials,United States,NYQ,25278208000,S&P 500,^GSPC,503,0.05
International Paper Company,IP,IP,Consumer Cyclical,United States,NYQ,24980322304,S&P 500,^GSPC,503,0.04
Veralto Corp,VLTO,VLTO,Industrials,United States,NYQ,24875329536,S&P 500,^GSPC,503,0.04
"Estee Lauder Companies, Inc. (T",EL,EL,Consumer Defensive,United States,NYQ,24797706240,S&P 500,^GSPC,503,0.04
Dollar General Corporation,DG,DG,Consumer Defensive,United States,NYQ,24759435264,S&P 500,^GSPC,503,0.04
"Tyler Technologies, Inc.",TYL,TYL,Technology,United States,NYQ,24753319936,S&P 500,^GSPC,503,0.04
"IQVIA Holdings, Inc.",IQV,IQV,Healthcare,United States,NYQ,24700940288,S&P 500,^GSPC,503,0.04
SBA Communications Corporation,SBAC,SBAC,Real Estate,United States,NMS,24656478208,S&P 500,^GSPC,503,0.04
"Warner Bros. Discovery, Inc. - ",WBD,WBD,Communication Services,United States,NMS,24592254976,S&P 500,^GSPC,503,0.04
Atmos Energy Corporation,ATO,ATO,Utilities,United States,NYQ,24557787136,S&P 500,^GSPC,503,0.04
Fortive Corporation,FTV,FTV,Technology,United States,NYQ,24519086080,S&P 500,^GSPC,503,0.04
"Church & Dwight Company, Inc.",CHD,CHD,Consumer Defensive,United States,NYQ,24514412544,S&P 500,^GSPC,503,0.04
"CenterPoint Energy, Inc (Holdin",CNP,CNP,Utilities,United States,NYQ,24438134784,S&P 500,^GSPC,503,0.04
Dover Corporation,DOV,DOV,Industrials,United States,NYQ,24400398336,S&P 500,^GSPC,503,0.04
"Mettler-Toledo International, I",MTD,MTD,Healthcare,United States,NYQ,24242305024,S&P 500,^GSPC,503,0.04
Eversource Energy (D/B/A),ES,ES,Utilities,United States,NYQ,23971870720,S&P 500,^GSPC,503,0.04
STERIS plc (Ireland),STE,STE,Healthcare,United States,NYQ,23936933888,S&P 500,^GSPC,503,0.04
HP Inc.,HPQ,HPQ,Technology,United States,NYQ,23838748672,S&P 500,^GSPC,503,0.04
FirstEnergy Corp.,FE,FE,Utilities,United States,NYQ,23801913344,S&P 500,^GSPC,503,0.04
"Cboe Global Markets, Inc.",CBOE,CBOE,Financial Services,United States,BTS,23799171072,S&P 500,^GSPC,503,0.04
Fox Corporation,FOXA,FOXA,Communication Services,United States,NMS,23778480128,S&P 500,^GSPC,503,0.04
Fox Corporation,FOX,FOX,Communication Services,United States,NMS,23778500608,S&P 500,^GSPC,503,0.04
Cincinnati Financial Corporatio,CINF,CINF,Financial Services,United States,NMS,23681617920,S&P 500,^GSPC,503,0.04
CDW Corporation,CDW,CDW,Technology,United States,NMS,23617705984,S&P 500,^GSPC,503,0.04
Teledyne Technologies Incorpora,TDY,TDY,Technology,United States,NYQ,23370139648,S&P 500,^GSPC,503,0.04
Hewlett Packard Enterprise Comp,HPE,HPE,Technology,United States,NYQ,23237230592,S&P 500,^GSPC,503,0.04
Huntington Bancshares Incorpora,HBAN,HBAN,Financial Services,United States,NMS,23177846784,S&P 500,^GSPC,503,0.04
"Corpay, Inc.",CPAY,CPAY,Technology,United States,NYQ,22984372224,S&P 500,^GSPC,503,0.04
Insulet Corporation,PODD,PODD,Healthcare,United States,NMS,22747979776,S&P 500,^GSPC,503,0.04
Archer-Daniels-Midland Company,ADM,ADM,Consumer Defensive,United States,NYQ,22715674624,S&P 500,^GSPC,503,0.04
Synchrony Financial,SYF,SYF,Financial Services,United States,NYQ,22466375680,S&P 500,^GSPC,503,0.04
Smurfit WestRock plc,SW,SW,Consumer Cyclical,Ireland,NYQ,22347376640,S&P 500,^GSPC,503,0.04
Edison International,EIX,EIX,Utilities,United States,NYQ,21546784768,S&P 500,^GSPC,503,0.04
"Expedia Group, Inc.",EXPE,EXPE,Consumer Cyclical,United States,NMS,21435142144,S&P 500,^GSPC,503,0.04
"NetApp, Inc.",NTAP,NTAP,Technology,United States,NMS,21393039360,S&P 500,^GSPC,503,0.04
"Ulta Beauty, Inc.",ULTA,ULTA,Consumer Cyclical,United States,NMS,21264211968,S&P 500,^GSPC,503,0.04
CMS Energy Corporation,CMS,CMS,Utilities,United States,NYQ,21213874176,S&P 500,^GSPC,503,0.04
Amcor plc,AMCR,AMCR,Consumer Cyclical,Switzerland,NYQ,20851195904,S&P 500,^GSPC,503,0.04
Labcorp Holdings Inc.,LH,LH,Healthcare,United States,NYQ,20967686144,S&P 500,^GSPC,503,0.04
Northern Trust Corporation,NTRS,NTRS,Financial Services,United States,NMS,20825401344,S&P 500,^GSPC,503,0.04
Hubbell Inc,HUBB,HUBB,Industrials,United States,NYQ,20819050496,S&P 500,^GSPC,503,0.04
Waters Corporation,WAT,WAT,Healthcare,United States,NYQ,20791885824,S&P 500,^GSPC,503,0.04
"NVR, Inc.",NVR,NVR,Consumer Cyclical,United States,NYQ,20668379136,S&P 500,^GSPC,503,0.04
"T. Rowe Price Group, Inc.",TROW,TROW,Financial Services,United States,NMS,20617170944,S&P 500,^GSPC,503,0.04
Devon Energy Corporation,DVN,DVN,Energy,United States,NYQ,20553619456,S&P 500,^GSPC,503,0.04
Invitation Homes Inc.,INVH,INVH,Real Estate,United States,NYQ,20503144448,S&P 500,^GSPC,503,0.04
"Dollar Tree, Inc.",DLTR,DLTR,Consumer Defensive,United States,NMS,20325515264,S&P 500,^GSPC,503,0.04
"Steel Dynamics, Inc.",STLD,STLD,Basic Materials,United States,NMS,20314445824,S&P 500,^GSPC,503,0.04
PTC Inc.,PTC,PTC,Technology,United States,NMS,20165656576,S&P 500,^GSPC,503,0.04
"Lennox International, Inc.",LII,LII,Industrials,United States,NYQ,19897745408,S&P 500,^GSPC,503,0.04
"Williams-Sonoma, Inc.",WSM,WSM,Consumer Cyclical,United States,NYQ,19951642624,S&P 500,^GSPC,503,0.04
ON Semiconductor Corporation,ON,ON,Technology,United States,NMS,19795212288,S&P 500,^GSPC,503,0.04
"PulteGroup, Inc.",PHM,PHM,Consumer Cyclical,United States,NYQ,19776133120,S&P 500,^GSPC,503,0.04
"McCormick & Company, Incorporat",MKC,MKC,Consumer Defensive,United States,NYQ,19676282880,S&P 500,^GSPC,503,0.04
Dow Inc.,DOW,DOW,Basic Materials,United States,NYQ,19643695104,S&P 500,^GSPC,503,0.04
International Flavors & Fragran,IFF,IFF,Basic Materials,United States,NYQ,19608862720,S&P 500,^GSPC,503,0.04
"Tyson Foods, Inc.",TSN,TSN,Consumer Defensive,United States,NYQ,19874293760,S&P 500,^GSPC,503,0.04
Coterra Energy Inc.,CTRA,CTRA,Energy,United States,NYQ,19417360384,S&P 500,^GSPC,503,0.03
Quest Diagnostics Incorporated,DGX,DGX,Healthcare,United States,NYQ,19378718720,S&P 500,^GSPC,503,0.03
Regions Financial Corporation,RF,RF,Financial Services,United States,NYQ,19353962496,S&P 500,^GSPC,503,0.03
Biogen Inc.,BIIB,BIIB,Healthcare,United States,NMS,19318251520,S&P 500,^GSPC,503,0.03
Loews Corporation,L,L,Financial Services,United States,NYQ,18793046016,S&P 500,^GSPC,503,0.03
Western Digital Corporation,WDC,WDC,Technology,United States,NMS,18759172096,S&P 500,^GSPC,503,0.03
Weyerhaeuser Company,WY,WY,Real Estate,United States,NYQ,18755561472,S&P 500,^GSPC,503,0.03
"Leidos Holdings, Inc.",LDOS,LDOS,Technology,United States,NYQ,18598608896,S&P 500,^GSPC,503,0.03
Southwest Airlines Company,LUV,LUV,Industrials,United States,NYQ,18577631232,S&P 500,^GSPC,503,0.03
Jabil Inc.,JBL,JBL,Technology,United States,NYQ,18569611264,S&P 500,^GSPC,503,0.03
NiSource Inc,NI,NI,Utilities,United States,NYQ,18559819776,S&P 500,^GSPC,503,0.03
Global Payments Inc.,GPN,GPN,Industrials,United States,NYQ,18481225728,S&P 500,^GSPC,503,0.03
"Zimmer Biomet Holdings, Inc.",ZBH,ZBH,Healthcare,United States,NYQ,18172338176,S&P 500,^GSPC,503,0.03
"Essex Property Trust, Inc.",ESS,ESS,Real Estate,United States,NYQ,19391199232,S&P 500,^GSPC,503,0.03
LyondellBasell Industries NV,LYB,LYB,Basic Materials,United States,NYQ,17901979648,S&P 500,^GSPC,503,0.03
Gen Digital Inc.,GEN,GEN,Technology,United States,NMS,17887434752,S&P 500,^GSPC,503,0.03
Mid-America Apartment Communiti,MAA,MAA,Real Estate,United States,NYQ,18308384768,S&P 500,^GSPC,503,0.03
Genuine Parts Company,GPC,GPC,Consumer Cyclical,United States,NYQ,17730422784,S&P 500,^GSPC,503,0.03
"Citizens Financial Group, Inc.",CFG,CFG,Financial Services,United States,NYQ,17705889792,S&P 500,^GSPC,503,0.03
KeyCorp,KEY,KEY,Financial Services,United States,NYQ,17567918080,S&P 500,^GSPC,503,0.03
Halliburton Company,HAL,HAL,Energy,United States,NYQ,17563977728,S&P 500,^GSPC,503,0.03
Packaging Corporation of Americ,PKG,PKG,Consumer Cyclical,United States,NYQ,17463318528,S&P 500,^GSPC,503,0.03
Principal Financial Group Inc,PFG,PFG,Financial Services,United States,NMS,17338931200,S&P 500,^GSPC,503,0.03
Trimble Inc.,TRMB,TRMB,Technology,United States,NMS,17111460864,S&P 500,^GSPC,503,0.03
"First Solar, Inc.",FSLR,FSLR,Technology,United States,NMS,17091475456,S&P 500,^GSPC,503,0.03
Ralph Lauren Corporation,RL,RL,Consumer Cyclical,United States,NYQ,17000454144,S&P 500,^GSPC,503,0.03
Hormel Foods Corporation,HRL,HRL,Consumer Defensive,United States,NYQ,16964259840,S&P 500,^GSPC,503,0.03
Erie Indemnity Company,ERIE,ERIE,Financial Services,United States,NMS,18938355712,S&P 500,^GSPC,503,0.03
Snap-On Incorporated,SNA,SNA,Industrials,United States,NYQ,16789593088,S&P 500,^GSPC,503,0.03
"F5, Inc.",FFIV,FFIV,Technology,United States,NMS,16692494336,S&P 500,^GSPC,503,0.03
Camden Property Trust,CPT,CPT,Real Estate,United States,NYQ,12574832640,S&P 500,^GSPC,503,0.02
News Corporation,NWSA,NWSA,Communication Services,United States,NMS,16638773248,S&P 500,^GSPC,503,0.03
News Corporation,NWS,NWS,Communication Services,United States,NMS,16638768128,S&P 500,^GSPC,503,0.03
FactSet Research Systems Inc.,FDS,FDS,Financial Services,United States,NYQ,16488773632,S&P 500,^GSPC,503,0.03
Pentair plc.,PNR,PNR,Industrials,United Kingdom,NYQ,16393470976,S&P 500,^GSPC,503,0.03
"Tapestry, Inc.",TPR,TPR,Consumer Cyclical,United States,NYQ,16345202688,S&P 500,^GSPC,503,0.03
Clorox Company (The),CLX,CLX,Consumer Defensive,United States,NYQ,16033982464,S&P 500,^GSPC,503,0.03
Molina Healthcare Inc,MOH,MOH,Healthcare,United States,NYQ,15912578048,S&P 500,^GSPC,503,0.03
Alliant Energy Corporation,LNT,LNT,Utilities,United States,NMS,15910898688,S&P 500,^GSPC,503,0.03
Domino's Pizza Inc,DPZ,DPZ,Consumer Cyclical,United States,NMS,15906203648,S&P 500,^GSPC,503,0.03
Deckers Outdoor Corporation,DECK,DECK,Consumer Cyclical,United States,NYQ,15814811648,S&P 500,^GSPC,503,0.03
Brown Forman Inc,BF-B,BF-B,Consumer Defensive,United States,NYQ,15682126848,S&P 500,^GSPC,503,0.03
Baxter International Inc.,BAX,BAX,Healthcare,United States,NYQ,15441435648,S&P 500,^GSPC,503,0.03
Expeditors International of Was,EXPD,EXPD,Industrials,United States,NYQ,15305309184,S&P 500,^GSPC,503,0.03
"Paycom Software, Inc.",PAYC,PAYC,Technology,United States,NYQ,14777415680,S&P 500,^GSPC,503,0.03
"Evergy, Inc.",EVRG,EVRG,Utilities,United States,NMS,15188307968,S&P 500,^GSPC,503,0.03
"West Pharmaceutical Services, I",WST,WST,Healthcare,United States,NYQ,15133514752,S&P 500,^GSPC,503,0.03
Jacobs Solutions Inc.,J,J,Industrials,United States,NYQ,15120431104,S&P 500,^GSPC,503,0.03
"CF Industries Holdings, Inc.",CF,CF,Basic Materials,United States,NYQ,14956763136,S&P 500,^GSPC,503,0.03
"Everest Group, Ltd.",EG,EG,Financial Services,Bermuda,NYQ,14939037696,S&P 500,^GSPC,503,0.03
Zebra Technologies Corporation,ZBRA,ZBRA,Technology,United States,NMS,14848946176,S&P 500,^GSPC,503,0.03
Ball Corporation,BALL,BALL,Consumer Cyclical,United States,NYQ,14830765056,S&P 500,^GSPC,503,0.03
"Best Buy Co., Inc.",BBY,BBY,Consumer Cyclical,United States,NYQ,14784149504,S&P 500,^GSPC,503,0.03
Aptiv PLC,APTV,APTV,Consumer Cyclical,Switzerland,NYQ,14563959808,S&P 500,^GSPC,503,0.03
Kimco Realty Corporation (HC),KIM,KIM,Real Estate,United States,NYQ,14240240640,S&P 500,^GSPC,503,0.03
"Hologic, Inc.",HOLX,HOLX,Healthcare,United States,NMS,14048148480,S&P 500,^GSPC,503,0.03
Avery Dennison Corporation,AVY,AVY,Consumer Cyclical,United States,NYQ,14044246016,S&P 500,^GSPC,503,0.03
"J.B. Hunt Transport Services, I",JBHT,JBHT,Industrials,United States,NMS,13949736960,S&P 500,^GSPC,503,0.03
Omnicom Group Inc.,OMC,OMC,Communication Services,United States,NYQ,13994297344,S&P 500,^GSPC,503,0.03
IDEX Corporation,IEX,IEX,Industrials,United States,NYQ,13752138752,S&P 500,^GSPC,503,0.02
"UDR, Inc.",UDR,UDR,Real Estate,United States,NYQ,15490765824,S&P 500,^GSPC,503,0.03
Textron Inc.,TXT,TXT,Industrials,United States,NYQ,13448350720,S&P 500,^GSPC,503,0.02
"The Cooper Companies, Inc.",COO,COO,Healthcare,United States,NMS,13349414912,S&P 500,^GSPC,503,0.02
Masco Corporation,MAS,MAS,Industrials,United States,NYQ,13200750592,S&P 500,^GSPC,503,0.02
"Jack Henry & Associates, Inc.",JKHY,JKHY,Technology,United States,NMS,13122171904,S&P 500,^GSPC,503,0.02
"Teradyne, Inc.",TER,TER,Technology,United States,NMS,13066208256,S&P 500,^GSPC,503,0.02
Regency Centers Corporation,REG,REG,Real Estate,United States,NMS,13064850432,S&P 500,^GSPC,503,0.02
Incyte Corporation,INCY,INCY,Healthcare,United States,NMS,12990482432,S&P 500,^GSPC,503,0.02
"Align Technology, Inc.",ALGN,ALGN,Healthcare,United States,NMS,12986377216,S&P 500,^GSPC,503,0.02
Solventum Corporation,SOLV,SOLV,Healthcare,United States,NYQ,12847944704,S&P 500,^GSPC,503,0.02
"Healthpeak Properties, Inc.",DOC,DOC,Real Estate,United States,NYQ,11914653696,S&P 500,^GSPC,503,0.02
"Builders FirstSource, Inc.",BLDR,BLDR,Industrials,United States,NYQ,12178752512,S&P 500,^GSPC,503,0.02
"Universal Health Services, Inc.",UHS,UHS,Healthcare,United States,NYQ,12166991872,S&P 500,^GSPC,503,0.02
Alexandria Real Estate Equities,ARE,ARE,Real Estate,United States,NYQ,12161126400,S&P 500,^GSPC,503,0.02
"Juniper Networks, Inc.",JNPR,JNPR,Technology,United States,NYQ,12021069824,S&P 500,^GSPC,503,0.02
Nordson Corporation,NDSN,NDSN,Industrials,United States,NMS,11997404160,S&P 500,^GSPC,503,0.02
The J.M. Smucker Company,SJM,SJM,Consumer Defensive,United States,NYQ,11971912704,S&P 500,^GSPC,503,0.02
Allegion plc,ALLE,ALLE,Industrials,Ireland,NYQ,11969457152,S&P 500,^GSPC,503,0.02
Mosaic Company (The),MOS,MOS,Basic Materials,United States,NYQ,11721686016,S&P 500,^GSPC,503,0.02
Pool Corporation,POOL,POOL,Industrials,United States,NMS,11479694336,S&P 500,^GSPC,503,0.02
"C.H. Robinson Worldwide, Inc.",CHRW,CHRW,Industrials,United States,NMS,11432607744,S&P 500,^GSPC,503,0.02
"Akamai Technologies, Inc.",AKAM,AKAM,Technology,United States,NMS,10972681216,S&P 500,^GSPC,503,0.02
"Franklin Resources, Inc.",BEN,BEN,Financial Services,United States,NYQ,11235638272,S&P 500,^GSPC,503,0.02
"BXP, Inc.",BXP,BXP,Real Estate,United States,NYQ,12439172096,S&P 500,^GSPC,503,0.02
"Host Hotels & Resorts, Inc.",HST,HST,Real Estate,United States,NMS,11017764864,S&P 500,^GSPC,503,0.02
"ConAgra Brands, Inc.",CAG,CAG,Consumer Defensive,United States,NYQ,10826569728,S&P 500,^GSPC,503,0.02
Pinnacle West Capital Corporati,PNW,PNW,Utilities,United States,NYQ,10793669632,S&P 500,^GSPC,503,0.02
"Moderna, Inc.",MRNA,MRNA,Healthcare,United States,NMS,10755295232,S&P 500,^GSPC,503,0.02
"Revvity, Inc.",RVTY,RVTY,Healthcare,United States,NYQ,10729705472,S&P 500,^GSPC,503,0.02
Molson Coors Beverage Company,TAP,TAP,Consumer Defensive,United States,NYQ,10686980096,S&P 500,^GSPC,503,0.02
"Skyworks Solutions, Inc.",SWKS,SWKS,Technology,United States,NMS,10663662592,S&P 500,^GSPC,503,0.02
"Assurant, Inc.",AIZ,AIZ,Financial Services,United States,NYQ,10435548160,S&P 500,^GSPC,503,0.02
LKQ Corporation,LKQ,LKQ,Consumer Cyclical,United States,NMS,10421434368,S&P 500,^GSPC,503,0.02
DaVita Inc.,DVA,DVA,Healthcare,United States,NYQ,10277716992,S&P 500,^GSPC,503,0.02
Bunge Limited,BG,BG,Consumer Defensive,United States,NYQ,10251068416,S&P 500,^GSPC,503,0.02
Viatris Inc.,VTRS,VTRS,Healthcare,United States,NMS,10222752768,S&P 500,^GSPC,503,0.02
The Campbell's Company,CPB,CPB,Consumer Defensive,United States,NMS,10215715840,S&P 500,^GSPC,503,0.02
Globe Life Inc.,GL,GL,Financial Services,United States,NYQ,10136267776,S&P 500,^GSPC,503,0.02
CarMax Inc,KMX,KMX,Consumer Cyclical,United States,NYQ,10092193792,S&P 500,^GSPC,503,0.02
"Stanley Black & Decker, Inc.",SWK,SWK,Industrials,United States,NYQ,9949592576,S&P 500,^GSPC,503,0.02
"EPAM Systems, Inc.",EPAM,EPAM,Technology,United States,NYQ,9867766784,S&P 500,^GSPC,503,0.02
"Walgreens Boots Alliance, Inc.",WBA,WBA,Healthcare,United States,NMS,9711006720,S&P 500,^GSPC,503,0.02
"Dayforce, Inc.",DAY,DAY,Technology,United States,NYQ,9423385600,S&P 500,^GSPC,503,0.02
Eastman Chemical Company,EMN,EMN,Basic Materials,United States,NYQ,9289911296,S&P 500,^GSPC,503,0.02
"Hasbro, Inc.",HAS,HAS,Consumer Cyclical,United States,NMS,9203672064,S&P 500,^GSPC,503,0.02
"Wynn Resorts, Limited",WYNN,WYNN,Consumer Cyclical,United States,NMS,9174612992,S&P 500,^GSPC,503,0.02
A.O. Smith Corporation,AOS,AOS,Industrials,United States,NYQ,9094975488,S&P 500,^GSPC,503,0.02
"Huntington Ingalls Industries, ",HII,HII,Industrials,United States,NYQ,8944945152,S&P 500,^GSPC,503,0.02
MGM Resorts International,MGM,MGM,Consumer Cyclical,United States,NYQ,8697881600,S&P 500,^GSPC,503,0.02
"Henry Schein, Inc.",HSIC,HSIC,Healthcare,United States,NMS,8821602304,S&P 500,^GSPC,503,0.02
"Interpublic Group of Companies,",IPG,IPG,Communication Services,United States,NYQ,8526089216,S&P 500,^GSPC,503,0.02
Paramount Global,PARA,PARA,Communication Services,United States,NMS,8523604992,S&P 500,^GSPC,503,0.02
Federal Realty Investment Trust,FRT,FRT,Real Estate,United States,NYQ,8264612352,S&P 500,^GSPC,503,0.01
Norwegian Cruise Line Holdings ,NCLH,NCLH,Consumer Cyclical,United States,NYQ,8167632384,S&P 500,^GSPC,503,0.01
"MarketAxess Holdings, Inc.",MKTX,MKTX,Financial Services,United States,NMS,8053490176,S&P 500,^GSPC,503,0.01
"Lamb Weston Holdings, Inc.",LW,LW,Consumer Defensive,United States,NYQ,7855927296,S&P 500,^GSPC,503,0.01
Bio-Techne Corp,TECH,TECH,Healthcare,United States,NMS,7647094272,S&P 500,^GSPC,503,0.01
Generac Holdlings Inc.,GNRC,GNRC,Industrials,United States,NYQ,7516952064,S&P 500,^GSPC,503,0.01
"Match Group, Inc.",MTCH,MTCH,Communication Services,United States,NMS,7465874944,S&P 500,^GSPC,503,0.01
The AES Corporation,AES,AES,Utilities,United States,NYQ,7311449600,S&P 500,^GSPC,503,0.01
Charles River Laboratories Inte,CRL,CRL,Healthcare,United States,NYQ,6802033664,S&P 500,^GSPC,503,0.01
Albemarle Corporation,ALB,ALB,Basic Materials,United States,NYQ,6707853312,S&P 500,^GSPC,503,0.01
APA Corporation,APA,APA,Energy,United States,NMS,6592637952,S&P 500,^GSPC,503,0.01
Invesco Ltd,IVZ,IVZ,Financial Services,United States,NYQ,6467184128,S&P 500,^GSPC,503,0.01
"Mohawk Industries, Inc.",MHK,MHK,Consumer Cyclical,United States,NYQ,6289984512,S&P 500,^GSPC,503,0.01
"Enphase Energy, Inc.",ENPH,ENPH,Technology,United States,NGM,5740306432,S&P 500,^GSPC,503,0.01
"Caesars Entertainment, Inc.",CZR,CZR,Consumer Cyclical,United States,NMS,5504912896,S&P 500,^GSPC,503,0.01
